Address,Pool token fullBalanceOf
0x5e38b802525de11a54506801b296d2aa93d033ef,1032817630173232255213
0xf84bfa23c2ab766c47056011b26e2d12ade5c754,1013933993092613347720
0x38ad0aba07c1eaafb8a87517aa13fb8871513fa8,1010320608563368400074
0xede29c55963ad7e0dd5283909e2df7016fac14aa,1008703818498095186318
0xfcf868133bfb21b0fa12f74ab0bff4de86b93fbc,10103206085633684000932
0xb17bbfbd1cc5faee7976d7f0ee8249ebddf78726,1016352269402626331457
0x21c59adeeeb25eff1cca36ab5bf082b96e0ef293,101735030465641036873
0x3c3b04835a0fc640f78e63dede6b3d4ac55d688c,1014368767618299342
0x7b8ea0a8778ca882c6314040f7b7dd6dd9cc77ec,1014371842059091904
0x52cc6357cebe1b5114aea23e62cd773d6004b71d,1014504488552631758
0xa83f9254afdcf1673dc2b31a6690afd0af1d2bae,1027511603091451056
0x8c0c8d676fdfd1717b16b61bd0037001ff100e78,105583103281179439
0xacd7441f9b73189f4ef61a0c9725bf0816fae124,1044035471735568718557
0x3c229864378b3b0adf98ae247ca33986aed8ec1e,1053559405102454879267
0xde6b2a06407575b98724818445178c1f5fd53361,1063852315878690668
0x4ff9288793ce6c98d7dab429f8ad97691d8a0f5d,1069041094759471852
0x96cd6af97885b2bc556293d98d6f0a56eec7e43e,108946506763677244552
0x682540d50a8d56816c7214307ce972e43c592b05,1087771444336303645464
0xe1163dcfb598f74da146a83cc878731d553abbfe,1091976381415409327
0x3d5ff23f56dc1240e571dd011bf2e373d06aaf7f,1100040079604988574
0x5c538d3e8ea308a52563694ce265b46c86f869dd,1127692563157032854
0x78c437fd49cb9f9dcfa113cd4f561a8b7008a9f8,11345808887555678974
0x0c39a628d6325a838ac629750b9edcce2f4a57b5,11348942000010827441
0x9e7835be9066365485302dacab277a02f5302af3,1218760442622165412883
0xb4ffd9b783a71b7cb1790d02e8f744cc32dc9c1f,1212046666075087108277
0x26938dfd4f89f9450a5402688a4cb1ba88e09d29,1227556375806735937
0x620eb3c8d13b5bb235f2af01b20634b4c99955f0,1255757506138492476
0xd56705548111f08ccb3e1a73806c53dc706f2e75,1256387277838051452
0x464a0247aba6d76e32e081988a8ed4b06d2b47f2,12588933590890862753
0x57e3cf0221e6a15c55ade85f3c314abe0d41fee6,13014907060947091608310
0xd3639dc9b9486b9701d48259816d33b086ae6515,1287432643620706127706
0xace95175b107f0d6a7a2949f7af83d7a3528fb4e,13071229989499938497
0x6bac48867bc94ff20b4c62b21d484a44d04d342c,135200275205197646855
0x71e1d6e6f8da5295d6ff161bb22e9183120c9a15,1341783200318847285
0x45a5068955fce555922009b90a8f13bca8f1547c,1363939690861346595
0x7c394cec0247e63d02643ce854197728e05233fa,1356352662295131587511
0xa0e7edd7dfd9828b13393732e9cb34651c06ec14,1370785854616864817
0x60b85e1e4218452e581d2a1d342b9fe9c2a6fa18,1376303625716300982160
0x33f14f6233bfdefd12520c6eca0d4ad526f2c6e6,1376144956348871652
0xb0e1505d9c8eff6936b927816a819b1ebaabd67e,1382154858312795005
0x928efa31db4d805dc355945a5ab3c8c7a8db2fe2,1392133856684335885
0x0ef8582381874780e4cdbbeaef8bfa1f9cd34dae,145057487252598073569
0xc8145caf71b4af6c6cc682fc7e1a41c8769c6e86,1406285303802136048385
0x42d097d2e93aea1ae31542b984f21ded3e1331f1,1400658149466714126
0xe8b87679bf143ddc835ced7670b6f594a501fd80,14590979373707292194
0x813413997503e41173f210c908cdb3528835cd42,1448164631907574895
0x2ae9c12d8356f11d1be6c4e91fe64c10783d42e5,1477311483898144089
0x05c18ffc1c74cb67cb26bb5222aaf3355b74bbc3,1487695417742151843
0xf53feaeb035361c046e5669745695e450ebb4028,15173537762697918839
0xb5184bc3d68447fdba1da2f550a363e4465d666c,154922644525984838258
0xd99a8618e14462a2a323a5446c5856ceb8742e94,154547451563656912809681
0x98c8061f7ad5aeec83012fc55b24f1fd6eb1c660,1533307363073493093610
0xd8e10962745f8582cfac5c1ba0039ca968709ceb,1531382633859212152
0x8b327fb1da65935e3d434e3a8c8da446a2e46b38,1543538503361571852313
0x1bf631120ce843ec8c9c04e9560c454e3bc2d1f5,1570123086419015772
0xdf88cbe36a66280300fb23dbd60b9fda671fb332,158279916330308645866
0x399abd36b9c7cef008f75d8805ee5fdf05d41773,1625014855655265352
0xb453f19e3a5905857b7eb53e007c191a15debaf4,163770707142841226590
0x68a649c1a4335c3f5c6fab1c60fb438ff5098531,1650453557212781423
0x043500bb7086c4b6457cd8362fd7306b1c90db00,1733732971846094488
0x161f47eeffbcad412bb3d8b890bf4cb3a7e80a95,1704400191881970765
0xd974991292c314696f68eaa2732191bb1688331d,1726522917480444569
0xf1111dcdfbb2e5d93173aecfa4e388b48a31f17c,1726124480640883083
0x02ce3b6c086e88616783163fb095578c86fbd4a9,1752274757396407719116
0x35dcf2c2223f335266e17dacbe8777d7c5bf8a15,1812259786713774348392
0xd527355a213acad5fcb66a81cfc081474b611f73,1834674656667675819
0x9cff5ac9420e3f1f3b3ff21bcd50b4fd6c7f1f23,1842734671510568906
0x6b6582abce056d5394c18392539ee72d8979e160,1837680424841806378
0x80feeb2c7956a7a8e87a7e9e90bfd61baedd913a,1834429602517105630
0x4dab9b8fca17a37e5ef0eef7d1ac09e2ac1580fb,1837424980617559035
0xfac44bfdc053a9615c6b0527f44416914628a0c4,1959236560663827142167
0x2d65e96a8aefe579d4839a77bb1d4811847358bc,190353781736505379695
0xfe97b38192cb30add0bbe5e01e6a617562cc8318,19417344568561979629905
0xdb9a122beafa7518947437477b82ac3f08727ece,1958211080004506335
0x751b1d5235aa34ed5243c57d9313c67ac386ec08,1957821518700580332
0xa68e8c09dddd6ab170d5872422f38877622adada,20107105820385566843993
0xe2307837524db8961c4541f943598654240bd62f,1980175911159535371
0x2b2411bd9dcfb0d3f375521917e623676987dfb1,2009418314290970873696
0x8b9fa7432c73c7135e3ec3014cc0b39720634fc2,2077194907664877674820
0x2e614cfb16cea25bed9f07fcefcce7dfc73cd39f,2077523964855234613352
0x7c6d719fe00989ae3df8d3e88041945665a332bb,2077528396181302282959
0xa14f9b86da08467dd05b8c6e2c3a2f2c6214c60f,2078350302990929845815
0xc67e60380e06ec8b20b3def2b86ab0966af1f060,2079408811495091506348
0x280a8675cf1d930c638f4f9eb9dbe75823801d5a,202893232582095006565102
0x8da02d597a2616e9ec0c82b2b8366b00d69da29a,2021073726338138358504
0x90eb355a85ea5324529224945bb55f1960da1b47,2081380996092757740449
0x4ee92dbb71e04bdb8c7f83b08fc5b26659f97a4f,2081951518947288112065
0xe769d85072672dd5e763816fa2c60627b5bcde52,2081951518947288112065
0x000e8c608473dcee93021eb1d39fb4a7d7e7d780,20404969373170535900724
0xaf9df16c45e28a2ad96699cc11b104c12897f625,20388450702540433767138
0x7822159ee394d14745cde63a706f965fb73c7ac8,20405913849182346564583
0xbbfb6566ad064c233af6314aeb1eee4c26a5f921,2073249047090643023
0x278aea15fd6074ad8c5f890a05bb28e336be3be5,2064769600593987417
0xb15988b3da502672c4e98c9ac3348a17f0c3dc2e,21637857050422981817
0x2fd0476478c01d0472b264e27f9d3c1b30dada2a,2218985108790803251
0x7e7d276acf6e572d2da9ccabfee401bdfbaf6754,2228143009703865161897
0x585c17a13241bc44d4aca25852a219bdddef6659,2287904699494669252703
0x268cb4c8b97da9d146702d84501a64f597a3aa14,231797493630044842808367
0x668c6f75486d6882a1aacf7bf03eee605c96fdad,2304134858651934902098
0x4d028ea19d40c9e992a2cb51b55bd37858c379b8,2393388023440259972454
0x92099e29980f9f0031ae6cb4b507d61ca76ab0f6,247717922738514524693
0x2314ed6c3e79b05365fb14b6bb832f03555104eb,2492185979538489649
0xc53539fd4d109840dbfe8c759ba7fc2e7200709b,2516734782902010449659
0xc8e8ed7987009d7937da7b02b6174eb13124573a,251105308539526484170
0x1acf3e6e5fb8f5d53469c15b48550bbcfeb22bfc,2545109393739944415
0x74ab5d0ccdb5a8b8be357bf395f121e5bcaeb86f,2577836085420136595079
0x1777281a2b6610d40ff726c3e03bbdc3b93d31ad,26243331140826069963
0xbbee065885558fba6a5c0cd8f7b827f631137900,2607441126784066826
0x9bb4d790e8f205f15448b6a746d94f75f18cb4b6,2706110311074247895
0xed576e57ae40d9e8fae69fc5e71db3a9ae66c23a,27892486196919355510749
0x493374100e511b1b091fa5bace1929dc154fee80,27536568546619839569686
0x42a64201a842ede7e617a36b0256dc20ad34fa88,29407216751769528406
0x1e1a575fe7bdf0d6265e4127787d3ac93d539239,2916441014517217179
0x2086280e38478a13e2705125d4bbcb5d16b4ab46,2913252914263800957677
0x50c3156ee21bf82ef1d8a4c2dacb6ca2bda49adb,2937368100009137939762
0xad0adf554eeac313b1c2fc06526c0ac969c584ad,30131168695342566116
0xbcc03cf987ca9ea5f9032ad1965a043be43cfa6d,299185977552935855334
0x3adf2869b57ef6404f617aa55411dab102f9bed5,30124855251169445123
0xdee3b4bea6980b23cb33cf54f80cc821da55ea97,30233514125851713173423
0xefb73e47099485c72b7678cb59fb0da7dacf173f,305945970064230293688
0xc28f85d6a2cd2252dac06f3db42a17033c4e7791,3108173628540045747431
0x8bfb0a6848a402d9931ba22797f82781c6e1711f,319309929322129945789
0x7c847e1f5ec059dc984b3b7d640ff56feb9866c8,324390060881
0x7624b0284b2a76da321b2f7ef27481d004dc235a,3251260962200006540
0x19f18ecd93ca130a24035ede88159f83b6576cc8,3269825352697432053
0x9fed225115a1374c7f0faef307d471c80fff1893,3402630704951479220067
0x8a2ff4f48a2aef354d96339946b03fd740293bce,3387957210890816442
0xe63b7ff4639b990bad1d7257fff8070f859f0997,3534026812890507842796
0x983b36872ae1bbc40dd0a99c3ed98429fea0ebd4,35211953509602553130373
0xd9d3dd56936f90ea4c7677f554dfefd45ef6df0f,3560409183309615698835
0x96cb2f6cdf6f301e59724092d03ad119782c093d,3615249053901262999
0xbebcf6cddce5b5a494d7ce051ae3688a925bd10b,35886863125183933
0x6be99e78ce0926ec872e3e3f1e1402575d74425d,3587295510085616166223
0x76b687cf4e5a4e73fa3950d6cc642bcc64e40b88,3934882611735886090
0x9160ab7ee16e69aabf910c41c46bb798c8f9546f,4004651259140974286
0xbb150bc7f3ba780553abaefd0421482d0a9cb53a,4116732057853197463724
0xf7675840d593fbc5e9382dfec12d422319edb172,433892209406284937
0xbab3b9cb224b0b6ed4c4bac7385dea2d06ea9489,43793689237403634379214
0x3d8adaed14c50c8bbd63ea6d7d20ffff56cbd79a,446760862675282215303
0xeb4bd5231274aa4c2b97a4fa06bad9ecfcdad5e0,459038879114568407
0x2ed95bb9e679ba0f66ea0705c82b9855c75c13be,452330774275544326599136
0xc5d16847874f3c47c5dfec353d01105896459d0f,459507977016565611782
0x3f240c6144408906c356bca4ef30ed6f4d656328,461315645745148010
0xef35dfbd99e100776f76976948e250cd0a89c7ef,4717441232709080316509
0xa2087c31818bad0fa7d8e3504a24ddb79e235bdd,484405521060292642
0x098e67de2aa59beae302325528ba35d4d2c3f2f8,485988259281894841
0x4795237e09bf7bff7b6fb3d42466e2917f571223,4972460102125391233
0xa389e2fc6ed8af24c43cd85752bd8feeb14a1a69,495131649225861439
0x94da175d52afe4e52b2cb3a4cb7c1773fc3976e4,499938944536973955
0xdb33efb01ed7f36a803b1e7eaeae737d22f9ebca,51432449677530456858054
0xc808a7e9510dbc4ef27a21432649a3ed9ecd6968,50939166920600250067098
0x274d9e726844ab52e351e8f1272e7fc3f58b7e5f,50935810652674178146754
0xe86a383f599eb082f0dd6187dc144e22893220f6,523916147803868078069
0x7a2fffcf2fbacc3f35c8e807d975f7c2046316af,50557659204972876019783
0x309dfaf096a9ea21b0c8c0aafbe27dbf715d37b4,50558728908616249866008
0x5d25c789d07f347e04aa65ba0daf2d61730bbac8,5002653160419257286217
0x10395903bfbf4ef877e43f8e6a56591d9cd1a201,50114196400247093677605
0x728742e8cb6ccf1fec195c5a7539fc87162daf23,52140889315468749030872
0xc4dfdf8c6b5512b2aab84e8d9f969cb8b9fd3aba,50172089609328851727374
0x37aa859a834299ef8f75cb809eb94a967b7493e9,50045593494501526400131
0x7983c67d0d0c8742e1b60de04c880fc450a0a495,508827412638139538
0x690eb09378cac699b0ab2b09c6e6032c43d31d34,506062013252650749764
0x0467460ca0620c06bf23bd09f38341f7d233aba5,5099737103871443369
0x51a23045db018780dd40c890c62368c187e8d179,512274002313640372
0x95e0734c3d4dfcdf932c765eba2a359799226b41,511213019032757823
0xb0e7c2319993c00b9430d18bdd9f98fefb6b5857,509587534075954323
0xc571147a515a789eb23cbcbf92f86bc1485ab877,5245118381902647649416
0x7cbb5da95442fa56c8549a3f0f0ffc397c7b5c18,515435941437919782
0x1640bc366ba62512843753e9a7320420d8aef6b6,521874391139248128
0xea3ed91a668b6a56751729016ebafc214dfbeb65,536746097339604851563
0x0b08dcc37e449c04a55a12454a8957a72e608994,525749429369532804
0xc1723b93e1aadfd00806079edf11d70461c49da0,542367911157142322972
0x53844b5f02e634a6e70b9c67c813af79060c70c3,534078198886310675
0xd18c7d59f3c7a5a5dc3e1d8df92a21c645735739,531792546507924602
0xf53cb49b4bc515c865e0503245621d797a9cc546,530330529458864955
0x2755da7bb6b7a70eae26cccf447682298eac1eb8,5481559452483893648701
0x9d2ab7e492a782f7e7a6fe39f31b86c4b0d2713a,535014265407900113917
0x9cac102e4e269d18e4b43a10cbbe733dd4402b79,533756828334322287
0xe64262a940f948abbe4236eb936e07aa7550a1ff,534272089949761865
0x2f9677016cb1e92e8f8a999c4541650c80c8637a,536463519391832272
0x19882c42b8233128b4fc7c1c39ddb994060fd316,533503088165565597
0x62c704b3645ed6274c5220d324253b816855bc7c,537835804468719067
0xc4bd102a87a264faf814f5d4d087214185fb5279,539366918624785603
0x373af10b9e12bfa505149f287edd0f00511ee886,5592048186329571307
0xd68b22d7f83ace5a10d991391799a332f0e091e8,545658142450285932
0x5780837c1d9ac3cd9b72203c8a0cfac73a9fc0b8,54381292127328680038316
0x5bc124b3f28c301f497d3d44eb5c3225651143cb,547213530269981261
0xd607fce24b45d4be5bc6b9aac0540bdff8ddf76b,548207365215604679
0x49ac4131fd40356d8320fc64d4a79be44f1b4708,552301651778170024
0xf2eda2787d728c3e640000c9c67fb88e61355804,559695224823390594641
0x8c061fc4625ab8244ef1b9bee7004f5f791f4db9,555499920574378089
0xbc1980f0f5c156180b913092fab43ac31932f27f,571386070645360140
0x6bb740b57627123ecb2debe195ea5b225b4f9ad8,564789816725501104
0xbcff81420d024627edd07ab9468aff7881805d57,571020668962031013
0xa14dcc58023eb50bc46b4621571b165b7b2cd9e4,570893002181468537
0x6dae5716a58f8d7306d4d6fb8f22b522fad031d6,569415584680363626
0xe4ac103a4edfce3fc999d75c074d51e8e229a59d,576417615286944968
0xce536fc834fe2c4cca8638b219b17c7bed3ddc08,581255581252430274
0xbb5c8245682975779f15798d70b0ca23bac7d37c,591026548314366440
0x8a9bcdc68d19e111663d6c986caf1da1eda1c304,593032286039849888
0x505428711f235aef769bc9320977c7c3cbb6cd87,601130346648749090
0x02a8f422e4623cf409b2a1a64a603b16357ea9da,603918545245695533
0x3c519c4c3231989f2af79f6cfc65de7d343009c5,6044982444667937123
0x663694857eb8a7432559f5c099a20bac59287d3a,612490977582672784808
0xd048de4000b3a9ac8ed4c2e51c3893206d78eddf,618790652490486287477
0xdd37bafeb3c24e22a76eea36a46fce4d61cc8ff0,616902967034307040
0x80b3153f39aeec1ef68adc038913698e103e6e1d,615663951720028787
0x17fd9ae8e8abc660c37855ab6ad1aa793d1d252c,625142709854219460
0x5dec02a7ebb9d1949c320303fdc2397ec7e09885,644201681934560259195
0xdcb7e8f1b586c94dde9b430557e4df6727779aca,6408411678111621951305
0x0d99d9c32d012620ee07dbf0b7a020a633c4fbcd,641462068628718811
0xeb2a38ec02b44218d371982d51ec961bd2b17321,64571369821000000000000
0xe6dec9ab1801b1e61f060dc1c76eaf1cc42710e2,654956878737819553
0x3373dd6f705e750898f678562960f99fcfbf6cbb,6727201846778425798180
0x4d9e4c43ab331142aa4465205696f0017255c56b,674427900441586370
0x54ef5a05161f0114c0f41b8ee0d269903ae7be8d,659842622492957041
0x20ec02894d748c59c01b6bf08fe283d7bb75a5d2,663605296681798710
0x1e8c000cca4d61c60255704ab827b03e8700129d,680830119954237604
0xac9e6fa8ad5214f365e99ee96227598ea1e4b20c,673803854982107883
0x1ef91043d3cdb315a5c97a03b843e6095ba6ea02,669453614126630156
0x6db499d9d4f996ad90ddc72630b2809b41f18266,674639717071800405
0x9b00e79b18fb425e82a1a21a3c66217acfda4f3a,668861135937506772
0x2f8ad7e46f984410eb9bdf4b9ecf525db20d0dd0,677251018269231839
0xef25ee29ff36862117d8ec02a4dbb69ebdb77897,683621865309985843
0x262a1482e84bb2c2bd20c7f99bfead8a0c277937,683306578899816238
0x7b4b04ce4760cc87356e8a4a69abf17cc9575f8a,686024482734708024
0x4f50d47d20380172746527bbeaa274940c38efac,689743207011951146
0xf7d2c9a3ef4f5a62a2bc0a073bc506ff98d7b892,692478558264893736
0x0e2e4ff0dcd154a9ab2dad034675841f937773f2,694117893435142506
0xa214fc5809f5dc6c91fb117853e3ca918e4e94b7,699979220222909821650
0x7c29eb01b6483e7290a621ad79a8f576107a00dd,702923038292619883
0x31ae9b3e203b82a360971cee3572fc07136b8b52,703855171202678574
0x9ac65fdbf132b8124bf9948f40a87ed254c74974,704759049731501901
0xf6f9e2eb2df8dee61f11a4e2937f9f1936bf46d6,725234836615698506
0x5eb6fcebbce8b397e501f5eb156f150441cc3c86,733566579670660231
0xe20a4f1e92dc89c17388886d37b2ed58f07e2f29,737120166395371152
0x85d572495843d4d8cc1639e0e45abeb00eb79522,734013970449684420
0x14200888c9b85b4f1e589de4be12e46916b7af31,742744136731221259
0x95863cdd9c70966bdae83c3a9ac949c304c1b8f9,75350196568737754
0x6669923187fc613c3868f405df0f2c2d10a7fdec,764069821686769569
0xe97178f627268f4cead069237db9f50f66d17d97,769102199715242791
0xf503feb4f6570e0a44c5231df53dae3fb5d7d628,785388533402
0x4c89684041eb142a85c917986b3a2d7d85b284cb,775779311369279174
0x46e6f25d092ad9048a3c2bf09a8ea02fa15f0d05,782653182589971200
0x93bb2d258786109439cb268c0a425b314d8abf56,775654500297573088
0x2cad80ba1244320733ae568ce6bdea064a9de3ab,796013868041020116
0x037206acaa8ee3da02e9abe429f51255476a64d6,789661029619203566
0xec4a83c4632fd30dedf49ac32dd0a22fca38c4d8,793861395431666367
0x2c35a970a19b943bed591d55204034d8672de7ac,804034638501053676
0x3100196ea6ce9b824896c53838fa6fc88e3e5054,805427138121305341
0x5056aa6baa5967d588bbe8f546ec15891bd56a49,8224589584244241008896
0x93bb3b8ce42d96eeadc4ed92a80948eb836aea94,804143199869361863
0x77fb0deba36c1ae0057b8a07174ed3c87f53f11e,8167325790778149145355
0x200c233de55c1e2ab271edb87e5abce150d637a0,818164860029470990
0x5c46deea1783f1d7e9579b963f2021ac1b5bfe7b,8214952661157506258
0x338cc22f63a863df81cf8f818a0eec7635fdfecd,812509054942838089
0xc6945ac4789fe3dd9e6c93746948b8409b6dd350,816548978895923091
0x42e5996dbbea9ac9ded34a14cb271196a1c32a46,815751019054602831
0x478fa4c971a077038b4fc5c172c3af5552224ccc,826900889102663212
0x7a22e7a4d912231f9c0fb6760c59ab560188360b,833018382884878781
0x932654bc075a69ad65cfc76ba01c4ac3621d1598,833590225477827959
0xc04f402f482e3d5d6346c7568805468e29dca156,838010066108869349
0x6e561fff127d63e298d1b08bdbc07d59fd748ba2,847939331677782683
0xf2c95079e35a27c296b01759431e05c38e392a21,861587944822098705
0x7010861fbf4b55f7f14c2a9946d744357ba3eb02,87598607799950897490
0x7263c0ba0d332a96566e99457f8f93c2ecd9c03d,867740278290411851
0x0ce730fac3a07820fdc9e17bb68e3574f6fdfc0e,869949545358330819
0x8f85b2d9c1d762ab319e1510af4062165d6a56a6,871427545075856340054
0x1d601f4c8463b602084f39471d8c04a686f0edce,883602209118489485
0x9d8b1d8be109851f48f89ee14b9e895441381f46,879403549127961679
0x3ead180ae502757fc6e444e4cf3d861fe27fe0ac,884909646564092021
0x0647e46db55a10efa59a2edb63b51184175d1a26,886233744833846948
0x4e58b97ce2c9a687ff6df2ba7f8f7217ad44327d,888005420742169525
0x267987b4ed90807a427e582acfd170a5fa01be6b,893778036099041803
0x9a7cbfe5af96d2eff788f580f915690369b738fe,894110373906314715
0x6e3bda1fbdc98ed50a537228650d9d6149b013f5,891347034408940978
0x39934f0a14aa55ab28c569e6d5adba3349ebf823,909217987807365636
0x0dd2019e2633e99a5865eeac5d05c3bc113f363b,899015883039363512
0x8646cc4682e218327bed6630eb7d5c8b370c740d,898731659659497054
0x0f87dd03a74e6a48d56661d96f44880c79b9d795,90989946057910278693
0x7376af1bfbea6eacf4d8d48a05cc84de3abbb8be,896175739212250428
0x136e964cff1457d6f502c6a3e0cde417360d9c61,897786871317217741
0x65870575837f98511793041ee5c0cc4db911b01e,912174510148096685
0x0d0ca2d40a2d6df958abb6767e62e140b1d0c584,909327171265747999
0xb44a6591f3fa702beed26266ffc33c9da0efab8a,915775580754447737
0x12d4f5e2efd434f752893b06a1406c3e7ac1c704,9245342745303752665719
0xb1945d5962a0a3d9b88679de4409ca377e4d08bd,927301809228273482
0xbd1f7d88c76a86c60d41bddd4819fae404e7151e,927428080185681562
0xce2bab72c7d21cdf960fd194953daf7544e36231,921800139038758419
0x7d480d5fa0e8ab1232c02daf9aba33fd812987fa,925933985372570586
0x35982287d6180e90ebbc9be1b3a2326515ca0090,948631880855799460286
0x1398c7c0399e911f221b6d907299be5669fa11ae,939887862367185128
0x07938d0c5be1ac7579c3eef5f1bf6bb7b6e24684,946598084642424179123
0x7a429e1cb54bedb645c612354cdc58b00c477419,955415337737445174
0x8d54eb6815574bd426be06f9748d8b5b6638c61a,953277907500263715
0x163b8deb1730d0a69f4c76ffd3c39f23d6289449,95793716728544599319
0x7c567f75c4b444b7bdae7aaae747f954f93d4185,985150550290981476
0x5543955098067c40807371cd32418b9b7e0e5600,959637386562682621
0xcee32df0cb1ae7a8770ea9f10aea96fab9031f05,991605523733118714
0x397b25001f0fc0f3dbabce5739fd69254b74568d,993337556470992983
0x09a98b8b15c9fadff8524503768479b26ede3ec7,992867110494946281
0x1f26f92a901dfacb8d8522e45bbb69c515f3013e,978670897626342908
0xe944885cea1bfa3518610cbd2693752ce56908f4,992591251567023711
0xe5546ea6535859c5d16373ecabde6de89fb2a4ce,982147144955034136
0x67922a9561423548a9ccfd67ad80d6c637c26bfe,986497174148735378
0x7b8d6d838105681303b36d7ce8c80419bc72e714,994468369837753834
0x473dff3f18d2b44e98129b7b1ef6f5a7d28b5270,983954384539200539
0xd9233c98d84e50f07b122ee0de0a6a50f49127e0,988432040549657971
0x5d47e5d242a8f66a6286b0a2353868875f5d6068,995603561747415281
0x80b3b64d8b5c454d1b84dac4d759d3408a90e463,98999708881553537
0xac741ebe63a35ed2b217f37f3b6c626765d11ead,998896411568607512
0xe6cb0096927fde2cc0ba3b8dda6913e54198952e,1045147344344405459759
0xaf7d21d40e688eb4eb791943e46d35a14edca471,1014254603829436875
0xf14a04d18cb5ba0fe293f6157cd4593404c12ece,1027339673259237781
0x91a503945eaf68ff638da328931f460893ef42d6,1046350509248509317460
0x63e86c9c17841e227f978aaa1488f136fe7b68ea,1004722670696770025
0xc084508124a8b76e44a07418a92a868394153771,1002601682663650014
0x1847a87a9cad63e55d6825267b73968878a4e4e5,1028254137895660556222
0x9efab36288565dc343b6909350767cb392aa4f69,9991363266908276464582